[
  {
    "value": "Rexall",
    "synonyms": [
      "Rexall"
    ]
  },
  {
    "value": "Jean Coutu",
    "synonyms": [
      "Jean Coutu"
    ]
  },
  {
    "value": "Walgreen",
    "synonyms": [
      "Walgreen"
    ]
  },
  {
    "value": "Uniprix",
    "synonyms": [
      "Uniprix"
    ]
  },
  {
    "value": "Houston Hospital",
    "synonyms": [
      "Houston Hospital"
    ]
  },
  {
    "value": "Walgreens Pharmacy",
    "synonyms": [
      "Walgreens Pharmacy"
    ]
  },
  {
    "value": "DRUGStore Pharmacy",
    "synonyms": [
      "DRUGStore Pharmacy"
    ]
  },
  {
    "value": "Shoppers Drug Mart",
    "synonyms": [
      "Shoppers Drug Mart"
    ]
  },
  {
    "value": "SpartanNash",
    "synonyms": [
      "SpartanNash"
    ]
  },
  {
    "value": "Duane Reade Inc",
    "synonyms": [
      "Duane Reade Inc"
    ]
  },
  {
    "value": "Rite Aid Corporation",
    "synonyms": [
      "Rite Aid Corporation"
    ]
  },
  {
    "value": "Value Drug Mart",
    "synonyms": [
      "Value Drug Mart"
    ]
  },
  {
    "value": "GNC Corporation",
    "synonyms": [
      "GNC Corporation"
    ]
  },
  {
    "value": "Pharmasave",
    "synonyms": [
      "Pharmasave"
    ]
  },
  {
    "value": "CVS Pharmacy",
    "synonyms": [
      "CVS Pharmacy"
    ]
  },
  {
    "value": "Lawtons",
    "synonyms": [
      "Lawtons"
    ]
  },
  {
    "value": "Meijer",
    "synonyms": [
      "Meijer"
    ]
  },
  {
    "value": "Proxim",
    "synonyms": [
      "Proxim"
    ]
  },
  {
    "value": "Familiprix",
    "synonyms": [
      "Familiprix"
    ]
  },
  {
    "value": "Lloyds Pharmacy",
    "synonyms": [
      "Lloyds Pharmacy"
    ]
  },
  {
    "value": "London Drugs",
    "synonyms": [
      "London Drugs"
    ]
  },
  {
    "value": "Costco",
    "synonyms": [
      "Costco"
    ]
  },
  {
    "value": "Pharmacies",
    "synonyms": [
      "Pharmacies"
    ]
  },
  {
    "value": "Houston Methodist Hospital",
    "synonyms": [
      "Houston Methodist Hospital"
    ]
  },
  {
    "value": "CVS",
    "synonyms": [
      "CVS"
    ]
  },
  {
    "value": "ShopKo Stores",
    "synonyms": [
      "ShopKo Stores"
    ]
  },
  {
    "value": "Supervalu Pharmacies",
    "synonyms": [
      "Supervalu Pharmacies"
    ]
  },
  {
    "value": "Walgreens",
    "synonyms": [
      "Walgreens"
    ]
  },
  {
    "value": "BioScrip",
    "synonyms": [
      "BioScrip"
    ]
  },
  {
    "value": "Fred\u0027s Inc",
    "synonyms": [
      "Fred\u0027s Inc"
    ]
  },
  {
    "value": "Medicine Shoppe International Inc",
    "synonyms": [
      "Medicine Shoppe International Inc"
    ]
  },
  {
    "value": "Webb\u0027s Family Pharmacy",
    "synonyms": [
      "Webb\u0027s Family Pharmacy"
    ]
  },
  {
    "value": "Value Drug Company",
    "synonyms": [
      "Value Drug Company"
    ]
  },
  {
    "value": "Brunet",
    "synonyms": [
      "Brunet"
    ]
  },
  {
    "value": "Katz Group of Companies",
    "synonyms": [
      "Katz Group of Companies"
    ]
  },
  {
    "value": "Pharmaprix",
    "synonyms": [
      "Pharmaprix"
    ]
  },
  {
    "value": "Tenet Healthcare Corporation",
    "synonyms": [
      "Tenet Healthcare Corporation"
    ]
  },
  {
    "value": "CVS Health",
    "synonyms": [
      "CVS Health"
    ]
  },
  {
    "value": "Dignity Health",
    "synonyms": [
      "Dignity Health"
    ]
  },
  {
    "value": "PharmaChoice",
    "synonyms": [
      "PharmaChoice"
    ]
  },
  {
    "value": "The Vitamin Shoppe",
    "synonyms": [
      "The Vitamin Shoppe"
    ]
  }
]