[
  {
    "value": "non-smoking room",
    "synonyms": [
      "non-smoking room",
      "nonsmoking room",
      "non smoking room"
    ]
  },
  {
    "value": "wifi",
    "synonyms": [
      "wifi",
      "free wifi",
      "wifi connection",
      "access to wifi",
      "wi-fi",
      "free wi-fi",
      "wi-fi connection",
      "access to wi-fi"
    ]
  },
  {
    "value": "pool",
    "synonyms": [
      "pool",
      "swimming pool"
    ]
  },
  {
    "value": "spa",
    "synonyms": [
      "spa"
    ]
  },
  {
    "value": "indoor",
    "synonyms": [
      "indoor"
    ]
  },
  {
    "value": "internet",
    "synonyms": [
      "internet",
      "free internet",
      "acceess to internet"
    ]
  },
  {
    "value": "smoking room",
    "synonyms": [
      "smoking room"
    ]
  },
  {
    "value": "beauty salon",
    "synonyms": [
      "beauty salon",
      "hair and nail salon"
    ]
  },
  {
    "value": "quick serve",
    "synonyms": [
      "quick serve",
      "quick serving",
      "quick service"
    ]
  },
  {
    "value": "transfer",
    "synonyms": [
      "transfer",
      "transfer service",
      "transportation"
    ]
  },
  {
    "value": "delivery",
    "synonyms": [
      "delivery",
      "deliver"
    ]
  },
  {
    "value": "parking",
    "synonyms": [
      "parking",
      "available parking",
      "free parking",
      "parking lot"
    ]
  },
  {
    "value": "outdoor seating",
    "synonyms": [
      "outdoor seating",
      "outdoor seats"
    ]
  },
  {
    "value": "pet friendly",
    "synonyms": [
      "pet friendly",
      "dog friendly",
      "cat friendly"
    ]
  }
]