[
  {
    "value": "veterinary hospital",
    "synonyms": [
      "vet",
      "veterinary hospital",
      "vet hospital",
      "vet hospitals",
      "veterinary hospitals",
      "veterinary clinic"
    ]
  },
  {
    "value": "pharmacy",
    "synonyms": [
      "pharmacy",
      "drug store",
      "drug stores",
      "pharmacy shop",
      "pharmacy shops"
    ]
  },
  {
    "value": "physical therapy",
    "synonyms": [
      "physical therapy"
    ]
  },
  {
    "value": "dentist",
    "synonyms": [
      "dentists",
      "Oral Surgeons",
      "dentist",
      "dental clinic",
      "Cosmetic Dentists",
      "dental office"
    ]
  },
  {
    "value": "rush hospital",
    "synonyms": [
      "rush hospital"
    ]
  },
  {
    "value": "osteopathic physician",
    "synonyms": [
      "osteopathic physician",
      "osteopathic physicians"
    ]
  },
  {
    "value": "medical transportation",
    "synonyms": [
      "medical transportation"
    ]
  },
  {
    "value": "pediatrician",
    "synonyms": [
      "pediatrician",
      "pediatricians"
    ]
  },
  {
    "value": "orthodontist",
    "synonyms": [
      "orthodontist",
      "orthodontists"
    ]
  },
  {
    "value": "medcenter",
    "synonyms": [
      "medcenter",
      "medical center",
      "medcenter",
      "medical centers"
    ]
  },
  {
    "value": "traditional chinese medicine",
    "synonyms": [
      "traditional chinese medicine",
      "chinese medicine"
    ]
  },
  {
    "value": "laser eye surgery",
    "synonyms": [
      "laser eye surgery"
    ]
  },
  {
    "value": "medical spa",
    "synonyms": [
      "medical spa",
      "medical spas"
    ]
  },
  {
    "value": "allergist",
    "synonyms": [
      "allergist",
      "allergists"
    ]
  },
  {
    "value": "urgent care",
    "synonyms": [
      "urgent care"
    ]
  },
  {
    "value": "sports medicine",
    "synonyms": [
      "sports medicine"
    ]
  },
  {
    "value": "internalmed",
    "synonyms": [
      "internalmed",
      "internal medicine"
    ]
  },
  {
    "value": "physician",
    "synonyms": [
      "physician",
      "physicians",
      "physician assistant"
    ]
  },
  {
    "value": "orthopedist",
    "synonyms": [
      "orthopedist",
      "orthopedists"
    ]
  },
  {
    "value": "wheel chair rental",
    "synonyms": [
      "wheel chair rental"
    ]
  },
  {
    "value": "hospital",
    "synonyms": [
      "hospital",
      "hospitals"
    ]
  },
  {
    "value": "optical store",
    "synonyms": [
      "opticians",
      "eyewear and opticians",
      "eyewear",
      "optical store"
    ]
  },
  {
    "value": "doctor",
    "synonyms": [
      "doctor",
      "doctors"
    ]
  },
  {
    "value": "pediatric dentist",
    "synonyms": [
      "pediatric dentist",
      "pediatric dentists"
    ]
  }
]