[
  {
    "id": "cd07ae7a-0c08-493d-a367-63ad257177f1",
    "data": [
      {
        "text": "it is ",
        "userDefined": false
      },
      {
        "text": "brown",
        "meta": "@sys.ignore",
        "userDefined": false
      }
    ],
    "isTemplate": false,
    "count": 0
  },
  {
    "id": "e34e64c6-c8d7-47f1-9456-04df6dc5bb1f",
    "data": [
      {
        "text": "it is ",
        "userDefined": false
      },
      {
        "text": "black",
        "meta": "@sys.ignore",
        "userDefined": false
      }
    ],
    "isTemplate": false,
    "count": 0
  },
  {
    "id": "7b497a8b-e2f8-4543-9f24-e94dc83da325",
    "data": [
      {
        "text": "it is ",
        "userDefined": false
      },
      {
        "text": "yellow",
        "meta": "@sys.ignore",
        "userDefined": false
      }
    ],
    "isTemplate": false,
    "count": 0
  },
  {
    "id": "53683de4-5c8b-4a33-834c-e48c1e01ec1d",
    "data": [
      {
        "text": "yellow",
        "meta": "@sys.ignore",
        "userDefined": false
      }
    ],
    "isTemplate": false,
    "count": 0
  },
  {
    "id": "79c8f418-3ee3-48ad-b657-9ddfb1f2af31",
    "data": [
      {
        "text": "black",
        "meta": "@sys.ignore",
        "userDefined": false
      }
    ],
    "isTemplate": false,
    "count": 0
  },
  {
    "id": "7f2b5718-0618-4782-bf5d-a07a2d7b1ac2",
    "data": [
      {
        "text": "brown",
        "meta": "@sys.ignore",
        "userDefined": false
      }
    ],
    "isTemplate": false,
    "count": 0
  },
  {
    "id": "16a72ce1-f8cc-44a8-9668-75795b017b88",
    "data": [
      {
        "text": "white",
        "meta": "@sys.ignore",
        "userDefined": false
      }
    ],
    "isTemplate": false,
    "count": 0
  }
]