[
  {
    "id": "9a3cb744-03ec-4c72-9e77-7385e725ab04",
    "data": [
      {
        "text": "burned",
        "alias": "unit-information",
        "meta": "@sys.unit-information",
        "userDefined": true
      }
    ],
    "isTemplate": false,
    "count": 0
  },
  {
    "id": "cdd44eda-9e7d-4008-b3f6-f3f3076b5ae3",
    "data": [
      {
        "text": "I touched something hot",
        "userDefined": false
      }
    ],
    "isTemplate": false,
    "count": 1
  },
  {
    "id": "982c52a2-94f2-4b0c-a72a-9cb03e57ea16",
    "data": [
      {
        "text": "I have ",
        "userDefined": false
      },
      {
        "text": "burned",
        "alias": "unit-information",
        "meta": "@sys.unit-information",
        "userDefined": true
      },
      {
        "text": " myself.",
        "userDefined": false
      }
    ],
    "isTemplate": false,
    "count": 0
  },
  {
    "id": "f552070e-812d-44a8-b04f-5752d16fb3a0",
    "data": [
      {
        "text": "My skin has ",
        "userDefined": false
      },
      {
        "text": "burned",
        "alias": "unit-information",
        "meta": "@sys.unit-information",
        "userDefined": true
      }
    ],
    "isTemplate": false,
    "count": 0,
    "updated": 1516478244
  },
  {
    "id": "2cf52635-6c1a-488c-b080-56c27f4fc26d",
    "data": [
      {
        "text": "I am ",
        "userDefined": false
      },
      {
        "text": "burned",
        "alias": "unit-information",
        "meta": "@sys.unit-information",
        "userDefined": true
      }
    ],
    "isTemplate": false,
    "count": 0,
    "updated": 1516478244
  },
  {
    "id": "d23f78e6-72a3-47ef-adb2-acdf81db5f7c",
    "data": [
      {
        "text": "I have a ",
        "userDefined": false
      },
      {
        "text": "burn",
        "alias": "unit-information",
        "meta": "@sys.unit-information",
        "userDefined": true
      }
    ],
    "isTemplate": false,
    "count": 0,
    "updated": 1516478244
  }
]