[
  {
    "id": "68e6369c-f31e-46f1-8e6f-a469a6ff7f55",
    "data": [
      {
        "text": "my skin is ",
        "userDefined": false
      },
      {
        "text": "red",
        "meta": "@sys.ignore",
        "userDefined": false
      }
    ],
    "isTemplate": false,
    "count": 0
  },
  {
    "id": "b9f96a49-26e9-4b45-b4a2-e6ce79e4bb53",
    "data": [
      {
        "text": "red",
        "meta": "@sys.ignore",
        "userDefined": false
      }
    ],
    "isTemplate": false,
    "count": 0
  }
]