[
  {
    "id": "2e9d5a9f-ed83-437a-a6dc-ae283de0b9d2",
    "data": [
      {
        "text": "My torso hurts",
        "userDefined": false
      }
    ],
    "isTemplate": false,
    "count": 0,
    "updated": 1516483195
  },
  {
    "id": "327cfbf0-8fca-4bb8-85f9-ba5604e20e82",
    "data": [
      {
        "text": "My chest hurts",
        "userDefined": false
      }
    ],
    "isTemplate": false,
    "count": 0,
    "updated": 1516483195
  },
  {
    "id": "fcdab609-ed48-435a-96df-fa4aa785025d",
    "data": [
      {
        "text": "I have chest pain",
        "userDefined": false
      }
    ],
    "isTemplate": false,
    "count": 0,
    "updated": 1516483195
  }
]