[
  {
    "id": "4474072b-1e4a-480c-b356-77021d487312",
    "data": [
      {
        "text": "next page",
        "userDefined": false
      }
    ],
    "isTemplate": false,
    "count": 0,
    "updated": 0
  },
  {
    "id": "f3efab62-dd9b-4235-8a13-1b83e1d26d7e",
    "data": [
      {
        "text": "read the next results",
        "userDefined": false
      }
    ],
    "isTemplate": false,
    "count": 0,
    "updated": 0
  },
  {
    "id": "a968d2c1-d29e-4e95-a32f-f3c53c6d7c92",
    "data": [
      {
        "text": "show me the following results",
        "userDefined": false
      }
    ],
    "isTemplate": false,
    "count": 0,
    "updated": 0
  },
  {
    "id": "ba015525-01b8-4a42-b215-3f34d242308a",
    "data": [
      {
        "text": "following result",
        "userDefined": false
      }
    ],
    "isTemplate": false,
    "count": 0,
    "updated": 0
  },
  {
    "id": "364f80aa-bb18-4902-9b4c-e2cf9415f1e2",
    "data": [
      {
        "text": "show me next",
        "userDefined": false
      }
    ],
    "isTemplate": false,
    "count": 0,
    "updated": 0
  },
  {
    "id": "b467d010-15b7-4d41-8b55-44a403c39a23",
    "data": [
      {
        "text": "go to the next page",
        "userDefined": false
      }
    ],
    "isTemplate": false,
    "count": 0,
    "updated": 0
  },
  {
    "id": "4b94fd9d-a095-4430-a554-a4ecf3a2ded2",
    "data": [
      {
        "text": "go forward",
        "userDefined": false
      }
    ],
    "isTemplate": false,
    "count": 0,
    "updated": 0
  },
  {
    "id": "226a90a7-7ace-4237-8965-2ddefc6e7199",
    "data": [
      {
        "text": "show me the next page",
        "userDefined": false
      }
    ],
    "isTemplate": false,
    "count": 0,
    "updated": 0
  },
  {
    "id": "0f525d29-4b49-4ef4-8659-3498965df232",
    "data": [
      {
        "text": "switch to the next",
        "userDefined": false
      }
    ],
    "isTemplate": false,
    "count": 0,
    "updated": 0
  },
  {
    "id": "22164eb6-db74-4ff2-a67f-6afe64566c5a",
    "data": [
      {
        "text": "next",
        "userDefined": false
      }
    ],
    "isTemplate": false,
    "count": 0,
    "updated": 0
  }
]