[
  {
    "id": "962ed75f-e70a-4bce-ae87-676de4f158f9",
    "data": [
      {
        "text": "next page",
        "userDefined": false
      }
    ],
    "isTemplate": false,
    "count": 0,
    "updated": 0
  },
  {
    "id": "86ded65a-51a0-4388-bf12-c271164d328b",
    "data": [
      {
        "text": "read the next results",
        "userDefined": false
      }
    ],
    "isTemplate": false,
    "count": 0,
    "updated": 0
  },
  {
    "id": "fcc37e47-847e-4b5d-80ab-26e1b689b088",
    "data": [
      {
        "text": "show me the following results",
        "userDefined": false
      }
    ],
    "isTemplate": false,
    "count": 0,
    "updated": 0
  },
  {
    "id": "2c80d52d-9023-49cc-bf18-86bee2d04926",
    "data": [
      {
        "text": "following result",
        "userDefined": false
      }
    ],
    "isTemplate": false,
    "count": 0,
    "updated": 0
  },
  {
    "id": "2298b5d4-2feb-4466-9334-5c25c305dcc9",
    "data": [
      {
        "text": "show me next",
        "userDefined": false
      }
    ],
    "isTemplate": false,
    "count": 0,
    "updated": 0
  },
  {
    "id": "48a9d723-ce74-42d4-845a-414d4a9a1e0b",
    "data": [
      {
        "text": "go to the next page",
        "userDefined": false
      }
    ],
    "isTemplate": false,
    "count": 0,
    "updated": 0
  },
  {
    "id": "c38b60e0-285c-4e4d-846d-03ed7afcc0f0",
    "data": [
      {
        "text": "go forward",
        "userDefined": false
      }
    ],
    "isTemplate": false,
    "count": 0,
    "updated": 0
  },
  {
    "id": "a190e07b-9a35-44f9-b9b9-a0de0b6c758b",
    "data": [
      {
        "text": "show me the next page",
        "userDefined": false
      }
    ],
    "isTemplate": false,
    "count": 0,
    "updated": 0
  },
  {
    "id": "335aea3c-a30a-43d7-8b01-45d69f31c1b5",
    "data": [
      {
        "text": "switch to the next",
        "userDefined": false
      }
    ],
    "isTemplate": false,
    "count": 0,
    "updated": 0
  },
  {
    "id": "074209d3-6773-4e52-9998-f7847b0fe546",
    "data": [
      {
        "text": "next",
        "userDefined": false
      }
    ],
    "isTemplate": false,
    "count": 0,
    "updated": 0
  }
]