[
  {
    "id": "0a99ea7e-f229-4eb2-8b73-817fe8e08ee5",
    "data": [
      {
        "text": "read out the previous results",
        "userDefined": false
      }
    ],
    "isTemplate": false,
    "count": 0,
    "updated": 0
  },
  {
    "id": "793b673b-0d74-4c4f-85f5-1bc1f17c4a35",
    "data": [
      {
        "text": "go back",
        "userDefined": false
      }
    ],
    "isTemplate": false,
    "count": 0,
    "updated": 0
  },
  {
    "id": "05a0fc04-d84b-427d-801b-f231db7069f7",
    "data": [
      {
        "text": "previous",
        "userDefined": false
      }
    ],
    "isTemplate": false,
    "count": 0,
    "updated": 0
  },
  {
    "id": "c47afddb-0a95-433f-8734-95737fd5b971",
    "data": [
      {
        "text": "back",
        "userDefined": false
      }
    ],
    "isTemplate": false,
    "count": 0,
    "updated": 0
  },
  {
    "id": "1af79f07-cd6a-4b93-a2e9-50d44c464144",
    "data": [
      {
        "text": "return to previous page",
        "userDefined": false
      }
    ],
    "isTemplate": false,
    "count": 0,
    "updated": 0
  },
  {
    "id": "4ef49d5b-6d3b-4a99-8384-ac5c830de2ee",
    "data": [
      {
        "text": "previous results",
        "userDefined": false
      }
    ],
    "isTemplate": false,
    "count": 0,
    "updated": 0
  },
  {
    "id": "10c428ca-3621-4d49-85f4-f47ad4de50ff",
    "data": [
      {
        "text": "previous page",
        "userDefined": false
      }
    ],
    "isTemplate": false,
    "count": 0,
    "updated": 0
  },
  {
    "id": "2f607170-c8a3-483f-8d9d-f5ab2d99fce8",
    "data": [
      {
        "text": "return to the previous",
        "userDefined": false
      }
    ],
    "isTemplate": false,
    "count": 0,
    "updated": 0
  },
  {
    "id": "637d5768-be5e-4655-95ad-df1b814365f5",
    "data": [
      {
        "text": "go back to previous results",
        "userDefined": false
      }
    ],
    "isTemplate": false,
    "count": 0,
    "updated": 0
  },
  {
    "id": "c85e1fbf-565e-4bdc-84f7-8b866db55c8d",
    "data": [
      {
        "text": "go to the previous page",
        "userDefined": false
      }
    ],
    "isTemplate": false,
    "count": 0,
    "updated": 0
  }
]