[
  {
    "id": "81e3e4fa-46c1-45b1-b46b-b236c88c22a0",
    "data": [
      {
        "text": "could you repeat that",
        "userDefined": false
      }
    ],
    "isTemplate": false,
    "count": 0,
    "updated": 0
  },
  {
    "id": "0fc13fb8-f9a9-41e0-9242-0794d52791c6",
    "data": [
      {
        "text": "repeat it",
        "userDefined": false
      }
    ],
    "isTemplate": false,
    "count": 0,
    "updated": 0
  },
  {
    "id": "bb743aaf-ce64-4353-9cf6-a03c82b79085",
    "data": [
      {
        "text": "say the same again",
        "userDefined": false
      }
    ],
    "isTemplate": false,
    "count": 0,
    "updated": 0
  },
  {
    "id": "93d4b137-1b37-4f15-9bc5-d41752e6331e",
    "data": [
      {
        "text": "please repeat that",
        "userDefined": false
      }
    ],
    "isTemplate": false,
    "count": 0,
    "updated": 0
  },
  {
    "id": "554e48ea-fb15-44de-a9cd-c25ba5407803",
    "data": [
      {
        "text": "say it again",
        "userDefined": false
      }
    ],
    "isTemplate": false,
    "count": 0,
    "updated": 0
  },
  {
    "id": "85af3556-f407-4b4c-83fb-74cc22a0fd69",
    "data": [
      {
        "text": "repeat",
        "userDefined": false
      }
    ],
    "isTemplate": false,
    "count": 0,
    "updated": 0
  },
  {
    "id": "04f2912f-da51-438c-b398-bceec5dc2d47",
    "data": [
      {
        "text": "repeat what you\u0027ve just said",
        "userDefined": false
      }
    ],
    "isTemplate": false,
    "count": 0,
    "updated": 0
  },
  {
    "id": "4920eee4-4c2c-4aea-b2ce-8a48f727b095",
    "data": [
      {
        "text": "do it again",
        "userDefined": false
      }
    ],
    "isTemplate": false,
    "count": 0,
    "updated": 0
  },
  {
    "id": "9eb5a495-ca5d-4287-8cc7-eebd14f7a38a",
    "data": [
      {
        "text": "come again",
        "userDefined": false
      }
    ],
    "isTemplate": false,
    "count": 0,
    "updated": 0
  },
  {
    "id": "714d66bb-058c-44e3-bc63-5283df45c8aa",
    "data": [
      {
        "text": "repeat these results",
        "userDefined": false
      }
    ],
    "isTemplate": false,
    "count": 0,
    "updated": 0
  }
]