[
  {
    "id": "60b86598-feda-4f32-8a12-d1cc229a6b7a",
    "data": [
      {
        "text": "my ",
        "userDefined": false
      },
      {
        "text": "hand",
        "alias": "body-part",
        "meta": "@body-part",
        "userDefined": true
      },
      {
        "text": " is bleeding",
        "userDefined": false
      }
    ],
    "isTemplate": false,
    "count": 0
  },
  {
    "id": "954b06d8-9999-4423-b016-5485fa7d4979",
    "data": [
      {
        "text": "I cut my ",
        "userDefined": false
      },
      {
        "text": "hand",
        "alias": "body-part",
        "meta": "@body-part",
        "userDefined": true
      }
    ],
    "isTemplate": false,
    "count": 0
  },
  {
    "id": "554b165d-5c2a-43e9-be38-4924921349c3",
    "data": [
      {
        "text": "I am bleeding",
        "userDefined": false
      }
    ],
    "isTemplate": false,
    "count": 0
  },
  {
    "id": "d104ddd4-05cc-4182-9fb0-65ebcbbf9e4e",
    "data": [
      {
        "text": "I have a ",
        "userDefined": false
      },
      {
        "text": "cut",
        "alias": "unit-information",
        "meta": "@sys.unit-information",
        "userDefined": true
      }
    ],
    "isTemplate": false,
    "count": 0,
    "updated": 1516488847
  },
  {
    "id": "36d55df7-5ae1-4b9f-8da2-b6087337d7e9",
    "data": [
      {
        "text": "I ",
        "userDefined": false
      },
      {
        "text": "cut",
        "alias": "unit-information",
        "meta": "@sys.unit-information",
        "userDefined": true
      },
      {
        "text": " myself",
        "userDefined": false
      }
    ],
    "isTemplate": false,
    "count": 0,
    "updated": 1516488847
  }
]