[
  {
    "id": "1c6766a2-a1f2-4af4-947c-cd9dcef2b0bb",
    "data": [
      {
        "text": "read out the previous results",
        "userDefined": false
      }
    ],
    "isTemplate": false,
    "count": 0,
    "updated": 0
  },
  {
    "id": "a92ad78c-cae2-481a-9f49-5f0ef7057906",
    "data": [
      {
        "text": "go back",
        "userDefined": false
      }
    ],
    "isTemplate": false,
    "count": 0,
    "updated": 0
  },
  {
    "id": "b58543b4-10fa-42cd-9f3c-2b85649b4c14",
    "data": [
      {
        "text": "previous",
        "userDefined": false
      }
    ],
    "isTemplate": false,
    "count": 0,
    "updated": 0
  },
  {
    "id": "b010e1f0-b4da-4d9c-8166-a2f840b8e061",
    "data": [
      {
        "text": "back",
        "userDefined": false
      }
    ],
    "isTemplate": false,
    "count": 0,
    "updated": 0
  },
  {
    "id": "29cbe34a-113a-4c60-b756-335ca836897c",
    "data": [
      {
        "text": "return to previous page",
        "userDefined": false
      }
    ],
    "isTemplate": false,
    "count": 0,
    "updated": 0
  },
  {
    "id": "d231de60-82af-4ff0-8103-931eaec9c517",
    "data": [
      {
        "text": "previous results",
        "userDefined": false
      }
    ],
    "isTemplate": false,
    "count": 0,
    "updated": 0
  },
  {
    "id": "f0a7e5a3-3a4c-4578-9c75-9354d9e45957",
    "data": [
      {
        "text": "previous page",
        "userDefined": false
      }
    ],
    "isTemplate": false,
    "count": 0,
    "updated": 0
  },
  {
    "id": "e89b2322-a389-41b1-b2b7-e0987d7ee9b7",
    "data": [
      {
        "text": "return to the previous",
        "userDefined": false
      }
    ],
    "isTemplate": false,
    "count": 0,
    "updated": 0
  },
  {
    "id": "a76ee983-73b8-4731-96d0-75a64d81d580",
    "data": [
      {
        "text": "go back to previous results",
        "userDefined": false
      }
    ],
    "isTemplate": false,
    "count": 0,
    "updated": 0
  },
  {
    "id": "efb3a350-b352-4293-9557-ac517f7634fc",
    "data": [
      {
        "text": "go to the previous page",
        "userDefined": false
      }
    ],
    "isTemplate": false,
    "count": 0,
    "updated": 0
  }
]