[
  {
    "id": "e7f0af0b-d638-4938-a082-862759f5a09d",
    "data": [
      {
        "text": "My head hurts",
        "userDefined": false
      }
    ],
    "isTemplate": false,
    "count": 0,
    "updated": 1516478609
  },
  {
    "id": "988d3d91-c96a-42a1-aaab-05b993e59c6c",
    "data": [
      {
        "text": "I have a headache",
        "userDefined": false
      }
    ],
    "isTemplate": false,
    "count": 0,
    "updated": 1516478609
  },
  {
    "id": "11d40c77-c7d2-431a-a300-d7163a1b2890",
    "data": [
      {
        "text": "My head is throbbing",
        "userDefined": false
      }
    ],
    "isTemplate": false,
    "count": 0,
    "updated": 1516478609
  }
]