[
  {
    "id": "1280ceee-41ec-4222-bd72-5e0c4fa06908",
    "data": [
      {
        "text": "No it\u0027s so bad",
        "userDefined": false
      }
    ],
    "isTemplate": false,
    "count": 0
  },
  {
    "id": "307b0e8c-cec0-4551-9e50-021627bbedce",
    "data": [
      {
        "text": "No it hurts",
        "userDefined": false
      }
    ],
    "isTemplate": false,
    "count": 0
  },
  {
    "id": "5fc57e43-5ade-4da1-8eb6-c1d5d5112990",
    "data": [
      {
        "text": "Not dull and achy",
        "userDefined": false
      }
    ],
    "isTemplate": false,
    "count": 0
  },
  {
    "id": "6e2bf84b-b374-4450-9b3e-41f39a7356ed",
    "data": [
      {
        "text": "definitely not",
        "userDefined": false
      }
    ],
    "isTemplate": false,
    "count": 1,
    "updated": 0
  },
  {
    "id": "943b1e14-d2aa-4d26-92b0-c34418fe1d92",
    "data": [
      {
        "text": "no",
        "userDefined": false
      }
    ],
    "isTemplate": false,
    "count": 1,
    "updated": 0
  },
  {
    "id": "72940230-c6fb-45fc-91a3-93a24f22d4d6",
    "data": [
      {
        "text": "I don\u0027t think so",
        "userDefined": false
      }
    ],
    "isTemplate": false,
    "count": 0,
    "updated": 0
  },
  {
    "id": "a4b50c18-b623-434a-a2c6-413b6bdc3c93",
    "data": [
      {
        "text": "I disagree",
        "userDefined": false
      }
    ],
    "isTemplate": false,
    "count": 2,
    "updated": 1498819313
  },
  {
    "id": "bf8dd7c3-9e56-415d-8bef-e7f14e888032",
    "data": [
      {
        "text": "thanks but no",
        "userDefined": false
      }
    ],
    "isTemplate": false,
    "count": 0,
    "updated": 0
  },
  {
    "id": "5f250e53-55b9-4571-9cdb-c0298b212db5",
    "data": [
      {
        "text": "don\u0027t do it",
        "userDefined": false
      }
    ],
    "isTemplate": false,
    "count": 0,
    "updated": 0
  },
  {
    "id": "da8ccbdf-f0f8-41c6-adb3-25f0c137c001",
    "data": [
      {
        "text": "I don\u0027t want that",
        "userDefined": false
      }
    ],
    "isTemplate": false,
    "count": 0,
    "updated": 0
  },
  {
    "id": "ab2fd5cb-d1e2-408a-a091-d1088f579f78",
    "data": [
      {
        "text": "not really",
        "userDefined": false
      }
    ],
    "isTemplate": false,
    "count": 0,
    "updated": 1498819313
  },
  {
    "id": "4b0f700b-9236-487c-b445-7000b3201343",
    "data": [
      {
        "text": "not interested",
        "userDefined": false
      }
    ],
    "isTemplate": false,
    "count": 0,
    "updated": 0
  }
]