[
  {
    "id": "e5dbe23c-560b-4e8e-99a9-dd634463037b",
    "data": [
      {
        "text": "i\u0027m panicking",
        "userDefined": false
      }
    ],
    "isTemplate": false,
    "count": 0,
    "updated": 1516483479
  },
  {
    "id": "4264a8d6-b670-45a1-8250-a6a0c4e3b37e",
    "data": [
      {
        "text": "panic attack",
        "userDefined": false
      }
    ],
    "isTemplate": false,
    "count": 0,
    "updated": 1516483479
  },
  {
    "id": "b8ffb2f2-b7b6-4ed0-a820-752e5b94ff05",
    "data": [
      {
        "text": "I\u0027m having a panic attack",
        "userDefined": false
      }
    ],
    "isTemplate": false,
    "count": 0,
    "updated": 1516483479
  }
]