[
  {
    "id": "b765f1d3-83bc-4d7c-afe2-a4380de5e654",
    "data": [
      {
        "text": "that\u0027s correct",
        "userDefined": false
      }
    ],
    "isTemplate": false,
    "count": 0,
    "updated": 0
  },
  {
    "id": "0a017619-1ba6-4e08-b804-859eefea3f4a",
    "data": [
      {
        "text": "ok",
        "userDefined": false
      }
    ],
    "isTemplate": false,
    "count": 0,
    "updated": 1505507989
  },
  {
    "id": "130d56a6-b1bd-456a-a796-f1fe670cdd38",
    "data": [
      {
        "text": "I don\u0027t mind",
        "userDefined": false
      }
    ],
    "isTemplate": false,
    "count": 0,
    "updated": 0
  },
  {
    "id": "0a483c99-4c06-4c0e-96cf-ce1b15af626c",
    "data": [
      {
        "text": "do it",
        "userDefined": false
      }
    ],
    "isTemplate": false,
    "count": 1,
    "updated": 0
  },
  {
    "id": "e6f85354-b535-4876-96f4-0a1b8fe3e635",
    "data": [
      {
        "text": "exactly",
        "userDefined": false
      }
    ],
    "isTemplate": false,
    "count": 0,
    "updated": 0
  },
  {
    "id": "744f252d-03de-4894-b0fb-1b599f5ea82c",
    "data": [
      {
        "text": "yes",
        "userDefined": false
      }
    ],
    "isTemplate": false,
    "count": 0,
    "updated": 0
  },
  {
    "id": "3951be66-a01a-488c-b89c-648eea483be2",
    "data": [
      {
        "text": "sounds good",
        "userDefined": false
      }
    ],
    "isTemplate": false,
    "count": 0,
    "updated": 0
  },
  {
    "id": "6ced057c-ee70-4687-9aeb-90880d39917c",
    "data": [
      {
        "text": "of course",
        "userDefined": false
      }
    ],
    "isTemplate": false,
    "count": 0,
    "updated": 0
  },
  {
    "id": "e60f4f6a-13c9-4241-8f62-120f9df9f1ee",
    "data": [
      {
        "text": "sure",
        "userDefined": false
      }
    ],
    "isTemplate": false,
    "count": 2,
    "updated": 0
  },
  {
    "id": "197897c2-7a63-4124-a290-d5ca8ae77480",
    "data": [
      {
        "text": "okay",
        "userDefined": false
      }
    ],
    "isTemplate": false,
    "count": 0,
    "updated": 1505507989
  },
  {
    "id": "324da68a-85ff-4b24-b824-328357734175",
    "data": [
      {
        "text": "I agree",
        "userDefined": false
      }
    ],
    "isTemplate": false,
    "count": 1,
    "updated": 0
  },
  {
    "id": "3281c948-d2d8-4d54-88d7-0fb1ce7def29",
    "data": [
      {
        "text": "confirm",
        "userDefined": false
      }
    ],
    "isTemplate": false,
    "count": 1,
    "updated": 0
  }
]