[
  {
    "id": "1ffaf242-d732-41ca-8035-a3b7558ea621",
    "data": [
      {
        "text": "Texas Medical Center",
        "alias": "venue-title",
        "meta": "@venue-medical-title",
        "userDefined": true
      }
    ],
    "isTemplate": false,
    "count": 0,
    "updated": 1516480076
  },
  {
    "id": "7a270a8e-fde0-4b31-a641-65e5d6b0276c",
    "data": [
      {
        "text": "wheel chair rental",
        "alias": "venue-type",
        "meta": "@venue-medical-type",
        "userDefined": false
      }
    ],
    "isTemplate": false,
    "count": 0,
    "updated": 1516480076
  },
  {
    "id": "48c5cc05-4084-4461-a454-7507a4b1260f",
    "data": [
      {
        "text": "best",
        "alias": "sort",
        "meta": "@map-sort",
        "userDefined": true
      },
      {
        "text": " ",
        "userDefined": false
      },
      {
        "text": "pharmacy",
        "alias": "venue-type",
        "meta": "@venue-medical-type",
        "userDefined": true
      },
      {
        "text": " ",
        "userDefined": false
      },
      {
        "text": "nearby",
        "alias": "sort",
        "meta": "@map-sort",
        "userDefined": true
      }
    ],
    "isTemplate": false,
    "count": 0,
    "updated": 1516480076
  },
  {
    "id": "a83b26df-b1c1-4c05-b12b-fd371814dbea",
    "data": [
      {
        "text": "find ",
        "userDefined": false
      },
      {
        "text": "cheapest",
        "alias": "sort",
        "meta": "@map-sort",
        "userDefined": true
      },
      {
        "text": " ",
        "userDefined": false
      },
      {
        "text": "hospitals",
        "alias": "venue-type",
        "meta": "@venue-medical-type",
        "userDefined": true
      }
    ],
    "isTemplate": false,
    "count": 0,
    "updated": 1516480076
  },
  {
    "id": "18f270a8-2f8c-4c68-8e15-3c5132643fc7",
    "data": [
      {
        "text": "cheapest",
        "alias": "sort",
        "meta": "@map-sort",
        "userDefined": true
      },
      {
        "text": " ",
        "userDefined": false
      },
      {
        "text": "hospitals",
        "alias": "venue-type",
        "meta": "@venue-medical-type",
        "userDefined": true
      }
    ],
    "isTemplate": false,
    "count": 0,
    "updated": 1516480076
  },
  {
    "id": "9ad3f3d2-2db7-4b9b-8fff-a9ef25fdc08f",
    "data": [
      {
        "text": "hospital",
        "alias": "venue-type",
        "meta": "@venue-medical-type",
        "userDefined": false
      },
      {
        "text": " with ",
        "userDefined": false
      },
      {
        "text": "free parking",
        "alias": "venue-facility",
        "meta": "@venue-facility",
        "userDefined": false
      }
    ],
    "isTemplate": false,
    "count": 0,
    "updated": 1516480076
  },
  {
    "id": "8828c803-79b2-49b3-99cc-fe8c929c5533",
    "data": [
      {
        "text": "show me ",
        "userDefined": false
      },
      {
        "text": "Cleveland Clinic",
        "alias": "venue-title",
        "meta": "@venue-medical-title",
        "userDefined": false
      }
    ],
    "isTemplate": false,
    "count": 0,
    "updated": 1516480076
  },
  {
    "id": "75b86274-c9a7-4abe-8b1a-9258c96bd03f",
    "data": [
      {
        "text": "find ",
        "userDefined": false
      },
      {
        "text": "hospital",
        "alias": "venue-type",
        "meta": "@venue-medical-type",
        "userDefined": true
      },
      {
        "text": " with ",
        "userDefined": false
      },
      {
        "text": "5",
        "alias": "stars",
        "meta": "@sys.number",
        "userDefined": false
      },
      {
        "text": " stars rating",
        "userDefined": false
      }
    ],
    "isTemplate": false,
    "count": 0,
    "updated": 1516480076
  },
  {
    "id": "03afb3bb-b535-4813-ad03-6666ed62a68f",
    "data": [
      {
        "text": "hospital",
        "alias": "venue-type",
        "meta": "@venue-medical-type",
        "userDefined": false
      },
      {
        "text": " ",
        "userDefined": false
      },
      {
        "text": "nearby",
        "alias": "sort",
        "meta": "@map-sort",
        "userDefined": false
      }
    ],
    "isTemplate": false,
    "count": 0,
    "updated": 1516480076
  },
  {
    "id": "4a3f127d-ecf8-4a2c-a04c-532264c87c78",
    "data": [
      {
        "text": "nearby",
        "alias": "sort",
        "meta": "@map-sort",
        "userDefined": false
      },
      {
        "text": " ",
        "userDefined": false
      },
      {
        "text": "pharmacy",
        "alias": "venue-type",
        "meta": "@venue-medical-type",
        "userDefined": false
      }
    ],
    "isTemplate": false,
    "count": 0,
    "updated": 1516480076
  },
  {
    "id": "354a3e60-e022-43c1-aa15-1c0510c06666",
    "data": [
      {
        "text": "CVS",
        "alias": "venue-chain",
        "meta": "@venue-medical-chain",
        "userDefined": false
      }
    ],
    "isTemplate": false,
    "count": 0,
    "updated": 1516480076
  },
  {
    "id": "2224f042-b15c-49cd-81d3-988ad46c2587",
    "data": [
      {
        "text": "find ",
        "userDefined": false
      },
      {
        "text": "opened",
        "alias": "open",
        "meta": "@open",
        "userDefined": false
      },
      {
        "text": " ",
        "userDefined": false
      },
      {
        "text": "pharmacy",
        "alias": "venue-type",
        "meta": "@venue-medical-type",
        "userDefined": false
      }
    ],
    "isTemplate": false,
    "count": 1,
    "updated": 1516480076
  },
  {
    "id": "9ee817fd-308f-422e-872f-795c3d1e6e28",
    "data": [
      {
        "text": "pharmacy",
        "alias": "venue-type",
        "meta": "@venue-medical-type",
        "userDefined": false
      }
    ],
    "isTemplate": false,
    "count": 0,
    "updated": 1516480076
  },
  {
    "id": "06f79f36-4290-4fe0-9334-cd21cb15e1eb",
    "data": [
      {
        "text": "Houston Hospital",
        "alias": "venue-chain",
        "meta": "@venue-medical-chain",
        "userDefined": false
      }
    ],
    "isTemplate": false,
    "count": 0,
    "updated": 1516480076
  },
  {
    "id": "be8c0475-5985-4507-88f6-c6827851d94b",
    "data": [
      {
        "text": "find ",
        "userDefined": false
      },
      {
        "text": "hospitals",
        "alias": "venue-type",
        "meta": "@venue-medical-type",
        "userDefined": true
      }
    ],
    "isTemplate": false,
    "count": 0,
    "updated": 1516480076
  },
  {
    "id": "1afd3dbd-2745-41a9-8a99-648b9a6dcc2f",
    "data": [
      {
        "text": "hospitals",
        "alias": "venue-type",
        "meta": "@venue-medical-type",
        "userDefined": true
      }
    ],
    "isTemplate": false,
    "count": 0,
    "updated": 1516480076
  },
  {
    "id": "606bab4c-3264-4714-82a5-ca6c46804cde",
    "data": [
      {
        "text": "find ",
        "userDefined": false
      },
      {
        "text": "CVS",
        "alias": "venue-chain",
        "meta": "@venue-medical-chain",
        "userDefined": true
      },
      {
        "text": " in ",
        "userDefined": false
      },
      {
        "text": "Mountain View",
        "alias": "location",
        "meta": "@sys.location",
        "userDefined": true
      }
    ],
    "isTemplate": false,
    "count": 0,
    "updated": 1516480076
  },
  {
    "id": "7310bf68-ea43-499c-a9ff-0d87c4bd16d6",
    "data": [
      {
        "text": "find ",
        "userDefined": false
      },
      {
        "text": "Houston Hospital",
        "alias": "venue-chain",
        "meta": "@venue-medical-chain",
        "userDefined": false
      }
    ],
    "isTemplate": false,
    "count": 0,
    "updated": 1516480076
  },
  {
    "id": "8b3439c0-da93-4b4e-b14d-db40204c79c6",
    "data": [
      {
        "text": "pharmacy",
        "alias": "venue-type",
        "meta": "@venue-medical-type",
        "userDefined": false
      },
      {
        "text": " ",
        "userDefined": false
      },
      {
        "text": "near me",
        "alias": "sort",
        "meta": "@map-sort",
        "userDefined": false
      }
    ],
    "isTemplate": false,
    "count": 0,
    "updated": 1516480076
  },
  {
    "id": "063d3969-6d33-43fe-ae5f-43e8d06100bd",
    "data": [
      {
        "text": "pharmacy",
        "alias": "venue-type",
        "meta": "@venue-medical-type",
        "userDefined": true
      },
      {
        "text": " in ",
        "userDefined": false
      },
      {
        "text": "London",
        "alias": "location",
        "meta": "@sys.location",
        "userDefined": true
      }
    ],
    "isTemplate": false,
    "count": 0,
    "updated": 1516480076
  },
  {
    "id": "197cbb6a-2bc6-46a8-95b7-f23db141ed93",
    "data": [
      {
        "text": "where is the ",
        "userDefined": false
      },
      {
        "text": "nearest",
        "alias": "sort",
        "meta": "@map-sort",
        "userDefined": false
      },
      {
        "text": " ",
        "userDefined": false
      },
      {
        "text": "hospital",
        "alias": "venue-type",
        "meta": "@venue-medical-type",
        "userDefined": false
      }
    ],
    "isTemplate": false,
    "count": 0,
    "updated": 1516480076
  },
  {
    "id": "fdcdf819-3a2d-400c-b0d2-8812ea3d03c8",
    "data": [
      {
        "text": "best",
        "alias": "sort",
        "meta": "@map-sort",
        "userDefined": true
      },
      {
        "text": " ",
        "userDefined": false
      },
      {
        "text": "hospitals",
        "alias": "venue-type",
        "meta": "@venue-medical-type",
        "userDefined": true
      },
      {
        "text": " in ",
        "userDefined": false
      },
      {
        "text": "Chicago",
        "alias": "location",
        "meta": "@sys.location",
        "userDefined": true
      }
    ],
    "isTemplate": false,
    "count": 0,
    "updated": 1516480076
  },
  {
    "id": "f50ef1b6-a480-44dd-97c8-71ed43462758",
    "data": [
      {
        "text": "find ",
        "userDefined": false
      },
      {
        "text": "drug stores",
        "alias": "venue-type",
        "meta": "@venue-medical-type",
        "userDefined": true
      },
      {
        "text": " in ",
        "userDefined": false
      },
      {
        "text": "Amsterdam",
        "alias": "location",
        "meta": "@sys.location",
        "userDefined": true
      }
    ],
    "isTemplate": false,
    "count": 0,
    "updated": 1516480076
  },
  {
    "id": "17887ab8-9b83-404b-8b15-c1a6134c9287",
    "data": [
      {
        "text": "show an ",
        "userDefined": false
      },
      {
        "text": "open",
        "alias": "open",
        "meta": "@open",
        "userDefined": false
      },
      {
        "text": " ",
        "userDefined": false
      },
      {
        "text": "pharmacy",
        "alias": "venue-type",
        "meta": "@venue-medical-type",
        "userDefined": false
      }
    ],
    "isTemplate": false,
    "count": 0,
    "updated": 1516480076
  },
  {
    "id": "46e9ae92-dc23-491b-af0c-c3e14d9d4fef",
    "data": [
      {
        "text": "find ",
        "userDefined": false
      },
      {
        "text": "best",
        "alias": "sort",
        "meta": "@map-sort",
        "userDefined": true
      },
      {
        "text": " ",
        "userDefined": false
      },
      {
        "text": "hospitals",
        "alias": "venue-type",
        "meta": "@venue-medical-type",
        "userDefined": true
      },
      {
        "text": " in ",
        "userDefined": false
      },
      {
        "text": "New Delhi",
        "alias": "location",
        "meta": "@sys.location",
        "userDefined": true
      }
    ],
    "isTemplate": false,
    "count": 0,
    "updated": 1516480076
  },
  {
    "id": "5018a408-0f42-45ba-a6d0-2ee10f1d1ed0",
    "data": [
      {
        "text": "find ",
        "userDefined": false
      },
      {
        "text": "Texas Medical Center",
        "alias": "venue-title",
        "meta": "@venue-medical-title",
        "userDefined": false
      }
    ],
    "isTemplate": false,
    "count": 0,
    "updated": 1516480076
  },
  {
    "id": "d73e2ca4-dde0-4b66-b649-0a017b2bce16",
    "data": [
      {
        "text": "nearest",
        "alias": "sort",
        "meta": "@map-sort",
        "userDefined": false
      },
      {
        "text": " ",
        "userDefined": false
      },
      {
        "text": "CVS",
        "alias": "venue-chain",
        "meta": "@venue-medical-chain",
        "userDefined": false
      }
    ],
    "isTemplate": false,
    "count": 0,
    "updated": 1516480076
  },
  {
    "id": "fbcbee85-f2b8-4717-be0e-4e7ee2f03fa4",
    "data": [
      {
        "text": "where is the ",
        "userDefined": false
      },
      {
        "text": "nearest",
        "alias": "sort",
        "meta": "@map-sort",
        "userDefined": false
      },
      {
        "text": " ",
        "userDefined": false
      },
      {
        "text": "pharmacy",
        "alias": "venue-type",
        "meta": "@venue-medical-type",
        "userDefined": false
      }
    ],
    "isTemplate": false,
    "count": 0,
    "updated": 1516480076
  },
  {
    "id": "05e81bed-4867-46f7-a59d-07e2eb719317",
    "data": [
      {
        "text": "find ",
        "userDefined": false
      },
      {
        "text": "Lloyds Pharmacy",
        "alias": "venue-chain",
        "meta": "@venue-medical-chain",
        "userDefined": false
      }
    ],
    "isTemplate": false,
    "count": 1,
    "updated": 1516480076
  },
  {
    "id": "b8d5f2b1-4459-4716-a098-2e0ac47901af",
    "data": [
      {
        "text": "Santa Connie hospital",
        "alias": "venue-title",
        "meta": "@venue-medical-title",
        "userDefined": false
      }
    ],
    "isTemplate": false,
    "count": 0,
    "updated": 1516480076
  },
  {
    "id": "13629056-04e5-481e-8acf-8ad0b595e19e",
    "data": [
      {
        "text": "I need a ",
        "userDefined": false
      },
      {
        "text": "doctor",
        "alias": "venue-type",
        "meta": "@venue-medical-type",
        "userDefined": true
      }
    ],
    "isTemplate": false,
    "count": 0,
    "updated": 1516480076
  },
  {
    "id": "d47fc99c-4cfc-4c38-ab6b-e76c420e1ac5",
    "data": [
      {
        "text": "search ",
        "userDefined": false
      },
      {
        "text": "hospital",
        "alias": "venue-type",
        "meta": "@venue-medical-type",
        "userDefined": false
      },
      {
        "text": " ",
        "userDefined": false
      },
      {
        "text": "nearby",
        "alias": "sort",
        "meta": "@map-sort",
        "userDefined": false
      }
    ],
    "isTemplate": false,
    "count": 0,
    "updated": 1516480076
  },
  {
    "id": "7b67c142-8bd4-48b6-8ee6-9ad578a7dcad",
    "data": [
      {
        "text": "where is ",
        "userDefined": false
      },
      {
        "text": "Houston Methodist Hospital",
        "alias": "venue-chain",
        "meta": "@venue-medical-chain",
        "userDefined": true
      }
    ],
    "isTemplate": false,
    "count": 0,
    "updated": 1516480076
  },
  {
    "id": "158389a4-5996-4ff3-a978-fd20e3d19b96",
    "data": [
      {
        "text": "find ",
        "userDefined": false
      },
      {
        "text": "hospital",
        "alias": "venue-type",
        "meta": "@venue-medical-type",
        "userDefined": false
      }
    ],
    "isTemplate": false,
    "count": 0,
    "updated": 1516480076
  },
  {
    "id": "a60fb720-92d3-4f43-80a3-64280efe6a6d",
    "data": [
      {
        "text": "where s the ",
        "userDefined": false
      },
      {
        "text": "nearest",
        "alias": "sort",
        "meta": "@map-sort",
        "userDefined": false
      },
      {
        "text": " ",
        "userDefined": false
      },
      {
        "text": "hospital",
        "alias": "venue-type",
        "meta": "@venue-medical-type",
        "userDefined": false
      }
    ],
    "isTemplate": false,
    "count": 0,
    "updated": 1516480076
  },
  {
    "id": "ce3fd429-3b39-4153-a2cb-3832e7959291",
    "data": [
      {
        "text": "find me a ",
        "userDefined": false
      },
      {
        "text": "hospital",
        "alias": "venue-type",
        "meta": "@venue-medical-type",
        "userDefined": false
      }
    ],
    "isTemplate": false,
    "count": 0,
    "updated": 1516480076
  },
  {
    "id": "5256ce5a-529d-4ef2-bc38-8c3c57abb698",
    "data": [
      {
        "text": "find a ",
        "userDefined": false
      },
      {
        "text": "pharmacy",
        "alias": "venue-type",
        "meta": "@venue-medical-type",
        "userDefined": false
      }
    ],
    "isTemplate": false,
    "count": 0,
    "updated": 1516480076
  },
  {
    "id": "6cfb7821-4d33-4b8f-bce6-aeb56a3f738d",
    "data": [
      {
        "text": "find ",
        "userDefined": false
      },
      {
        "text": "nearest",
        "alias": "sort",
        "meta": "@map-sort",
        "userDefined": false
      },
      {
        "text": " ",
        "userDefined": false
      },
      {
        "text": "hospital",
        "alias": "venue-type",
        "meta": "@venue-medical-type",
        "userDefined": false
      }
    ],
    "isTemplate": false,
    "count": 0,
    "updated": 1516480076
  },
  {
    "id": "23e34d69-4cc9-4c09-b922-2ab488edc1a9",
    "data": [
      {
        "text": "the ",
        "userDefined": false
      },
      {
        "text": "nearest",
        "alias": "sort",
        "meta": "@map-sort",
        "userDefined": false
      },
      {
        "text": " ",
        "userDefined": false
      },
      {
        "text": "pharmacy",
        "alias": "venue-type",
        "meta": "@venue-medical-type",
        "userDefined": false
      }
    ],
    "isTemplate": false,
    "count": 0,
    "updated": 1516480076
  },
  {
    "id": "2d70a77e-400d-40f9-9c23-a1c2350f9452",
    "data": [
      {
        "text": "where is the ",
        "userDefined": false
      },
      {
        "text": "pharmacy",
        "alias": "venue-type",
        "meta": "@venue-medical-type",
        "userDefined": false
      }
    ],
    "isTemplate": false,
    "count": 0,
    "updated": 1516480076
  },
  {
    "id": "c248010c-b23a-4f9a-8ea2-d6465ba44f35",
    "data": [
      {
        "text": "nearby",
        "alias": "sort",
        "meta": "@map-sort",
        "userDefined": false
      },
      {
        "text": " ",
        "userDefined": false
      },
      {
        "text": "hospital",
        "alias": "venue-type",
        "meta": "@venue-medical-type",
        "userDefined": false
      }
    ],
    "isTemplate": false,
    "count": 0,
    "updated": 1516480076
  },
  {
    "id": "54f57c49-bb88-45db-8059-431c70270f11",
    "data": [
      {
        "text": "where is the ",
        "userDefined": false
      },
      {
        "text": "closest",
        "alias": "sort",
        "meta": "@map-sort",
        "userDefined": false
      },
      {
        "text": " ",
        "userDefined": false
      },
      {
        "text": "pharmacy",
        "alias": "venue-type",
        "meta": "@venue-medical-type",
        "userDefined": false
      }
    ],
    "isTemplate": false,
    "count": 0,
    "updated": 1516480076
  },
  {
    "id": "ce9c8db6-ff39-45f5-b6a4-c8f81eb03d94",
    "data": [
      {
        "text": "look for ",
        "userDefined": false
      },
      {
        "text": "pharmacy",
        "alias": "venue-type",
        "meta": "@venue-medical-type",
        "userDefined": false
      }
    ],
    "isTemplate": false,
    "count": 0,
    "updated": 1516480076
  },
  {
    "id": "c3193d6b-f0a4-47ea-a6ba-0f05815bc352",
    "data": [
      {
        "text": "find ",
        "userDefined": false
      },
      {
        "text": "dentists",
        "alias": "venue-type",
        "meta": "@venue-medical-type",
        "userDefined": false
      },
      {
        "text": " ",
        "userDefined": false
      },
      {
        "text": "nearby",
        "alias": "sort",
        "meta": "@map-sort",
        "userDefined": false
      }
    ],
    "isTemplate": false,
    "count": 0,
    "updated": 1516480076
  },
  {
    "id": "8403e930-b2b8-4568-85de-075b940b6acc",
    "data": [
      {
        "text": "where is ",
        "userDefined": false
      },
      {
        "text": "nearest",
        "alias": "sort",
        "meta": "@map-sort",
        "userDefined": true
      },
      {
        "text": "  ",
        "userDefined": false
      },
      {
        "text": "Houston Methodist Hospital",
        "alias": "venue-chain",
        "meta": "@venue-medical-chain",
        "userDefined": true
      }
    ],
    "isTemplate": false,
    "count": 0,
    "updated": 1516480076
  },
  {
    "id": "1e4173d0-17ea-4044-ae6e-f939074c26ef",
    "data": [
      {
        "text": "what is ",
        "userDefined": false
      },
      {
        "text": "hospital",
        "alias": "venue-type",
        "meta": "@venue-medical-type",
        "userDefined": false
      }
    ],
    "isTemplate": false,
    "count": 0,
    "updated": 1516480076
  },
  {
    "id": "9efa409d-d33a-46e2-9e77-7fb6cf2160b4",
    "data": [
      {
        "text": "nearest",
        "alias": "sort",
        "meta": "@map-sort",
        "userDefined": false
      },
      {
        "text": " ",
        "userDefined": false
      },
      {
        "text": "pharmacy",
        "alias": "venue-type",
        "meta": "@venue-medical-type",
        "userDefined": false
      }
    ],
    "isTemplate": false,
    "count": 0,
    "updated": 1516480076
  },
  {
    "id": "9283f2aa-6301-4a17-9792-c51bb2bf4052",
    "data": [
      {
        "text": "I need ",
        "userDefined": false
      },
      {
        "text": "hospital",
        "alias": "venue-type",
        "meta": "@venue-medical-type",
        "userDefined": false
      }
    ],
    "isTemplate": false,
    "count": 0,
    "updated": 1516480076
  },
  {
    "id": "ca4abe72-ccd7-4402-97c1-fd71288843de",
    "data": [
      {
        "text": "McLaren hospital",
        "alias": "venue-title",
        "meta": "@venue-medical-title",
        "userDefined": false
      }
    ],
    "isTemplate": false,
    "count": 0,
    "updated": 1516480076
  },
  {
    "id": "2d422bfe-a4b4-4349-b3f4-d6f1e0abaaba",
    "data": [
      {
        "text": "nearest",
        "alias": "sort",
        "meta": "@map-sort",
        "userDefined": false
      },
      {
        "text": " ",
        "userDefined": false
      },
      {
        "text": "hospital",
        "alias": "venue-type",
        "meta": "@venue-medical-type",
        "userDefined": false
      }
    ],
    "isTemplate": false,
    "count": 0,
    "updated": 1516480076
  },
  {
    "id": "5dda6a5a-d38c-4fd0-af5f-de76b42d54ae",
    "data": [
      {
        "text": "find me the ",
        "userDefined": false
      },
      {
        "text": "nearest",
        "alias": "sort",
        "meta": "@map-sort",
        "userDefined": false
      },
      {
        "text": " ",
        "userDefined": false
      },
      {
        "text": "hospital",
        "alias": "venue-type",
        "meta": "@venue-medical-type",
        "userDefined": false
      }
    ],
    "isTemplate": false,
    "count": 0,
    "updated": 1516480076
  },
  {
    "id": "2e708cf0-16e2-46d6-88c5-4173d4739284",
    "data": [
      {
        "text": "show me the ",
        "userDefined": false
      },
      {
        "text": "nearest",
        "alias": "sort",
        "meta": "@map-sort",
        "userDefined": false
      },
      {
        "text": " ",
        "userDefined": false
      },
      {
        "text": "hospital",
        "alias": "venue-type",
        "meta": "@venue-medical-type",
        "userDefined": false
      }
    ],
    "isTemplate": false,
    "count": 0,
    "updated": 1516480076
  },
  {
    "id": "e3a2b66b-ec58-41b8-b9c1-1c0ff6051e67",
    "data": [
      {
        "text": "find ",
        "userDefined": false
      },
      {
        "text": "pharmacy",
        "alias": "venue-type",
        "meta": "@venue-medical-type",
        "userDefined": false
      }
    ],
    "isTemplate": false,
    "count": 0,
    "updated": 1516480076
  },
  {
    "id": "c9d884c7-f9bc-4a6f-bdf5-f5ad70480bb6",
    "data": [
      {
        "text": "where is the ",
        "userDefined": false
      },
      {
        "text": "hospital",
        "alias": "venue-type",
        "meta": "@venue-medical-type",
        "userDefined": false
      }
    ],
    "isTemplate": false,
    "count": 0,
    "updated": 1516480076
  },
  {
    "id": "a473638a-9a29-4ecb-a6f3-3f79b287bd01",
    "data": [
      {
        "text": "find the address for a ",
        "userDefined": false
      },
      {
        "text": "nearby",
        "alias": "sort",
        "meta": "@map-sort",
        "userDefined": false
      },
      {
        "text": " ",
        "userDefined": false
      },
      {
        "text": "pharmacy",
        "alias": "venue-type",
        "meta": "@venue-medical-type",
        "userDefined": false
      }
    ],
    "isTemplate": false,
    "count": 1,
    "updated": 1516480076
  },
  {
    "id": "4e7383bc-e519-48e6-bd6b-7de1dfecc42f",
    "data": [
      {
        "text": "find the ",
        "userDefined": false
      },
      {
        "text": "nearest",
        "alias": "sort",
        "meta": "@map-sort",
        "userDefined": false
      },
      {
        "text": " ",
        "userDefined": false
      },
      {
        "text": "pharmacy",
        "alias": "venue-type",
        "meta": "@venue-medical-type",
        "userDefined": false
      }
    ],
    "isTemplate": false,
    "count": 0,
    "updated": 1516480076
  },
  {
    "id": "c33e5ad8-88d2-43f4-abbe-30bb9937819f",
    "data": [
      {
        "text": "search ",
        "userDefined": false
      },
      {
        "text": "nearby",
        "alias": "sort",
        "meta": "@map-sort",
        "userDefined": false
      },
      {
        "text": " ",
        "userDefined": false
      },
      {
        "text": "hospitals",
        "alias": "venue-type",
        "meta": "@venue-medical-type",
        "userDefined": false
      }
    ],
    "isTemplate": false,
    "count": 0,
    "updated": 1516480076
  },
  {
    "id": "b235ff1d-dc7d-4f1b-86ab-46da660eb318",
    "data": [
      {
        "text": "where is the ",
        "userDefined": false
      },
      {
        "text": "closest",
        "alias": "sort",
        "meta": "@map-sort",
        "userDefined": false
      },
      {
        "text": " ",
        "userDefined": false
      },
      {
        "text": "hospital",
        "alias": "venue-type",
        "meta": "@venue-medical-type",
        "userDefined": false
      }
    ],
    "isTemplate": false,
    "count": 0,
    "updated": 1516480076
  },
  {
    "id": "528e3634-a2f5-4944-a557-180df9cb5666",
    "data": [
      {
        "text": "find ",
        "userDefined": false
      },
      {
        "text": "dentists",
        "alias": "venue-type",
        "meta": "@venue-medical-type",
        "userDefined": false
      }
    ],
    "isTemplate": false,
    "count": 0,
    "updated": 1516480076
  },
  {
    "id": "df680bba-0207-4436-b435-7b42349668a7",
    "data": [
      {
        "text": "where is the ",
        "userDefined": false
      },
      {
        "text": "closest",
        "alias": "sort",
        "meta": "@map-sort",
        "userDefined": false
      },
      {
        "text": " ",
        "userDefined": false
      },
      {
        "text": "Sears optical store",
        "alias": "venue-title",
        "meta": "@venue-medical-title",
        "userDefined": false
      }
    ],
    "isTemplate": false,
    "count": 0,
    "updated": 1516480076
  },
  {
    "id": "e93adba4-5dfd-4a5f-bd36-1f090a9cdd47",
    "data": [
      {
        "text": "find the ",
        "userDefined": false
      },
      {
        "text": "nearest",
        "alias": "sort",
        "meta": "@map-sort",
        "userDefined": false
      },
      {
        "text": " ",
        "userDefined": false
      },
      {
        "text": "hospital",
        "alias": "venue-type",
        "meta": "@venue-medical-type",
        "userDefined": false
      }
    ],
    "isTemplate": false,
    "count": 0,
    "updated": 1516480076
  },
  {
    "id": "60c6ba82-a442-4c7a-bd37-e98b8a855483",
    "data": [
      {
        "text": "where is ",
        "userDefined": false
      },
      {
        "text": "hospital",
        "alias": "venue-type",
        "meta": "@venue-medical-type",
        "userDefined": false
      }
    ],
    "isTemplate": false,
    "count": 0,
    "updated": 1516480076
  },
  {
    "id": "1b590ca8-4070-45fc-834f-4bf5cb4ad823",
    "data": [
      {
        "text": "Walgreens pharmacy",
        "alias": "venue-chain",
        "meta": "@venue-medical-chain",
        "userDefined": false
      }
    ],
    "isTemplate": false,
    "count": 0,
    "updated": 1516480076
  },
  {
    "id": "1b343e23-e00e-4dd6-90b3-910c2425d3b8",
    "data": [
      {
        "text": "how do I find a ",
        "userDefined": false
      },
      {
        "text": "doctor",
        "alias": "venue-type",
        "meta": "@venue-medical-type",
        "userDefined": true
      },
      {
        "text": " I can talk to today",
        "userDefined": false
      }
    ],
    "isTemplate": false,
    "count": 0,
    "updated": 1516480076
  },
  {
    "id": "0617c02c-d9fc-4c5b-9256-5becc26845bb",
    "data": [
      {
        "text": "find me a ",
        "userDefined": false
      },
      {
        "text": "pharmacy",
        "alias": "venue-type",
        "meta": "@venue-medical-type",
        "userDefined": false
      }
    ],
    "isTemplate": false,
    "count": 0,
    "updated": 1516480076
  }
]